<?xml version="1.0" encoding="utf-8" standalone="yes"?>
<rss version="2.0" xmlns:atom="http://www.w3.org/2005/Atom">
  <channel>
    <title>Trouwen Online | Uw complete gids </title>
    <link>https://www.trouwen-online.nl/</link>
    <description>Recent content on Trouwen Online | Uw complete gids </description>
    <generator>Hugo -- gohugo.io</generator>
    <language>en-us</language>
    <lastBuildDate>Tue, 01 Aug 2023 12:57:56 +0600</lastBuildDate><atom:link href="https://www.trouwen-online.nl/index.xml" rel="self" type="application/rss+xml" />
    <item>
      <title>Voor wie is Courtly geschikt?</title>
      <link>https://www.trouwen-online.nl/gids/new-blog/</link>
      <pubDate>Tue, 01 Aug 2023 12:57:56 +0600</pubDate>
      
      <guid>https://www.trouwen-online.nl/gids/new-blog/</guid>
      <description>Voor wie is Courtly geschikt? Online trouwen is een relatief nieuwe trend die snel aan populariteit wint. Er kunnen verschillende redenen zijn dat jullie een online ceremonie over een fysieke ceremonie prefereren. Het kan zijn dat je partner en jij momenteel niet in hetzelfde land verkeren of dat je jullie vrienden en familie hebben die lastig naar een fysieke trouwlocatie te brengen zijn. Denk aan familie woonachtig in het buitenland. Dit logistieke gedeelte komt geheel te vervallen.</description>
    </item>
    
    <item>
      <title>De voordelen van trouwen online</title>
      <link>https://www.trouwen-online.nl/gids/hugo-and-its-future/</link>
      <pubDate>Fri, 07 Jul 2023 20:18:07 +0600</pubDate>
      
      <guid>https://www.trouwen-online.nl/gids/hugo-and-its-future/</guid>
      <description>Een Moderne Benadering van Eeuwige Liefde Traditionele bruiloften zijn altijd geassocieerd geweest met gastenlijsten, tafelindelingen, het vinden van de juiste decoratie, en betoverende locatie. Maar in deze moderne tijd van digitale technologie, omarmen steeds meer stellen de voordelen van online trouwen. Deze relatief nieuwe benadering van het huwelijk biedt een tal van voordelen. Dit maakt het een aantrekkelijke optie. We hebben een aantal van de belangrijkste punten voor je opgesomd. Of het nu gaat om een intieme ceremonie of een grootschalige viering, een digitale bruiloft is een eigentijdse manier om eeuwige liefde te vieren.</description>
    </item>
    
    <item>
      <title>Tip and trics</title>
      <link>https://www.trouwen-online.nl/gids/corona-and-future-of-coders/</link>
      <pubDate>Tue, 06 Jun 2023 20:18:07 +0600</pubDate>
      
      <guid>https://www.trouwen-online.nl/gids/corona-and-future-of-coders/</guid>
      <description>Een online bruiloft kan net zo romantisch en feestelijk zijn als een traditionele bruiloft. Met de juiste voorbereiding en creativiteit, zorg je voor een sfeervolle virtuele ceremonie. Hierbij geven we je enkele tips and tricks om van je online bruiloft een onvergetelijke en liefdevolle ervaring te maken.
De voorbereiding Dat jullie online trouwen betekent niet dat jullie je digitale gasten geen fysieke uitnodiging kunnen sturen. Hoe leuk is het wanneer vrienden en familie een kaart in de brievenbus ontvangen met daarin de trouwdatum en het tijdstip.</description>
    </item>
    
    <item>
      <title>Wie zijn wij?</title>
      <link>https://www.trouwen-online.nl/gids/is-working-from-home-effective/</link>
      <pubDate>Sun, 05 Feb 2023 20:18:07 +0600</pubDate>
      
      <guid>https://www.trouwen-online.nl/gids/is-working-from-home-effective/</guid>
      <description>Liefde is wereldwijd dus waarom zou het huwelijk dat niet zijn? Bij trouwen online is iedereen welkom, voor ons staat de liefde op nummer 1. We werken samen met Courtly en maken het mogelijk om elk gelukkig stel waar dan ook ter wereld legaal te laten trouwen. Van het verkrijgen van een huwelijkscertificaat tot het uitvoeren van de ceremonie. We bouwen online bruggen voor stellen in de 21e eeuw. Iedereen kan trouwen, ongeacht nationaliteit, seksualiteit, religie of fysieke locatie.</description>
    </item>
    
    <item>
      <title>Know when to take break</title>
      <link>https://www.trouwen-online.nl/gids/know-when-to-take-break/</link>
      <pubDate>Fri, 04 Sep 2020 20:18:07 +0600</pubDate>
      
      <guid>https://www.trouwen-online.nl/gids/know-when-to-take-break/</guid>
      <description>A lot has changed about how we work, and most people have no choice but to transition to working from home. But even before the pandemic, an increasing number of people bid goodbye to their onerous commute to become freelancers and telecommuters. Thanks to ever-evolving technologies such as Skype, Zoom, Facetime, Google Hangouts, Slack, and cloud computing, it’s no longer necessary to be in an office to be productive. In fact, most tasks can be done just as effectively from home.</description>
    </item>
    
    <item>
      <title>Future of cloud computing</title>
      <link>https://www.trouwen-online.nl/gids/future-of-cloud-computing/</link>
      <pubDate>Thu, 03 Sep 2020 20:18:07 +0600</pubDate>
      
      <guid>https://www.trouwen-online.nl/gids/future-of-cloud-computing/</guid>
      <description>A lot has changed about how we work, and most people have no choice but to transition to working from home. But even before the pandemic, an increasing number of people bid goodbye to their onerous commute to become freelancers and telecommuters. Thanks to ever-evolving technologies such as Skype, Zoom, Facetime, Google Hangouts, Slack, and cloud computing, it’s no longer necessary to be in an office to be productive. In fact, most tasks can be done just as effectively from home.</description>
    </item>
    
    <item>
      <title>How solve coding problem</title>
      <link>https://www.trouwen-online.nl/gids/how-solve-coding-problem/</link>
      <pubDate>Thu, 03 Sep 2020 20:18:07 +0600</pubDate>
      
      <guid>https://www.trouwen-online.nl/gids/how-solve-coding-problem/</guid>
      <description>A lot has changed about how we work, and most people have no choice but to transition to working from home. But even before the pandemic, an increasing number of people bid goodbye to their onerous commute to become freelancers and telecommuters. Thanks to ever-evolving technologies such as Skype, Zoom, Facetime, Google Hangouts, Slack, and cloud computing, it’s no longer necessary to be in an office to be productive. In fact, most tasks can be done just as effectively from home.</description>
    </item>
    
    <item>
      <title>Freelancing and corona</title>
      <link>https://www.trouwen-online.nl/gids/freelancing-and-corona/</link>
      <pubDate>Wed, 02 Sep 2020 20:18:07 +0600</pubDate>
      
      <guid>https://www.trouwen-online.nl/gids/freelancing-and-corona/</guid>
      <description>A lot has changed about how we work, and most people have no choice but to transition to working from home. But even before the pandemic, an increasing number of people bid goodbye to their onerous commute to become freelancers and telecommuters. Thanks to ever-evolving technologies such as Skype, Zoom, Facetime, Google Hangouts, Slack, and cloud computing, it’s no longer necessary to be in an office to be productive. In fact, most tasks can be done just as effectively from home.</description>
    </item>
    
    <item>
      <title>Announcing Our 2016 Roadmap</title>
      <link>https://www.trouwen-online.nl/gids/announcing-our-2016-roadmap/</link>
      <pubDate>Tue, 01 Sep 2020 20:18:07 +0600</pubDate>
      
      <guid>https://www.trouwen-online.nl/gids/announcing-our-2016-roadmap/</guid>
      <description>A lot has changed about how we work, and most people have no choice but to transition to working from home. But even before the pandemic, an increasing number of people bid goodbye to their onerous commute to become freelancers and telecommuters. Thanks to ever-evolving technologies such as Skype, Zoom, Facetime, Google Hangouts, Slack, and cloud computing, it’s no longer necessary to be in an office to be productive. In fact, most tasks can be done just as effectively from home.</description>
    </item>
    
    <item>
      <title>Announcing Our 2019 Roadmap</title>
      <link>https://www.trouwen-online.nl/gids/announcing-our-2019-roadmap/</link>
      <pubDate>Tue, 01 Sep 2020 12:59:58 +0600</pubDate>
      
      <guid>https://www.trouwen-online.nl/gids/announcing-our-2019-roadmap/</guid>
      <description>A lot has changed about how we work, and most people have no choice but to transition to working from home. But even before the pandemic, an increasing number of people bid goodbye to their onerous commute to become freelancers and telecommuters. Thanks to ever-evolving technologies such as Skype, Zoom, Facetime, Google Hangouts, Slack, and cloud computing, it’s no longer necessary to be in an office to be productive. In fact, most tasks can be done just as effectively from home.</description>
    </item>
    
    <item>
      <title>A New Year, A New Website. Introducing Apsho 1.2</title>
      <link>https://www.trouwen-online.nl/gids/a-new-year-a-new-website-introducing-apsho-1/</link>
      <pubDate>Tue, 01 Sep 2020 12:57:56 +0600</pubDate>
      
      <guid>https://www.trouwen-online.nl/gids/a-new-year-a-new-website-introducing-apsho-1/</guid>
      <description>A lot has changed about how we work, and most people have no choice but to transition to working from home. But even before the pandemic, an increasing number of people bid goodbye to their onerous commute to become freelancers and telecommuters. Thanks to ever-evolving technologies such as Skype, Zoom, Facetime, Google Hangouts, Slack, and cloud computing, it’s no longer necessary to be in an office to be productive. In fact, most tasks can be done just as effectively from home.</description>
    </item>
    
    <item>
      <title>Privacy &amp; Policy</title>
      <link>https://www.trouwen-online.nl/privacy/</link>
      <pubDate>Mon, 01 Jan 0001 00:00:00 +0000</pubDate>
      
      <guid>https://www.trouwen-online.nl/privacy/</guid>
      <description>It is apsho’s policy to respect your privacy regarding any information we may collect while operating our website. This Privacy Policy applies to apsho.com (hereinafter, “us”, “we”, or “apsho.com”). We respect your privacy and are committed to protecting personally identifiable information you may provide us through the Website. We have adopted this privacy policy (“Privacy Policy”) to explain what information may be collected on our Website, how we use this information, and under what circumstances we may disclose the information to third parties.</description>
    </item>
    
  </channel>
</rss>
