<?xml version="1.0" encoding="utf-8" standalone="yes"?>
<rss version="2.0" xmlns:atom="http://www.w3.org/2005/Atom">
  <channel>
    <title>Tags on Trouwen Online | Uw complete gids </title>
    <link>https://www.trouwen-online.nl/tags/</link>
    <description>Recent content in Tags on Trouwen Online | Uw complete gids </description>
    <generator>Hugo -- gohugo.io</generator>
    <language>en-us</language><atom:link href="https://www.trouwen-online.nl/tags/index.xml" rel="self" type="application/rss+xml" />
  </channel>
</rss>
